1	新闻	0
2	时政	0
3	党建	0
4	金融	0
5	社会	0
6	法制	0
7	经济	0
8	证券	7
9	理财	7
10	商会	0
11	投资	7
12	资讯	0
13	民生	0
14	家居	13
15	健康	13
16	民生	13
17	医疗	13
18	文化	0
19	文化	18
20	书画	18
21	娱乐	18
22	艺术	18
23	体育	0
24	公示	18
26	科技	0
27	教育	0
28	房产	0
29	汽车	0
30	旅游	0
32	视频	0
33	美图	0
34	首页推荐资料	0
35	三楚人物	34
39	爆料台	34
40	观楚台	34
41	美食	0
42	荆楚各地	34
43	武汉网站	34
44	武昌起义	43
45	汉口文化	43
46	汉阳文化	43
47	武汉网视	43
48	专题资讯	43
49	房产资讯	43
50	美容保养	43
51	汽车保险	43
52	驾校考试	43
53	优惠活动	43
54	吃喝玩乐	43
55	美食特产	43
56	武汉风情	43
58	黄石网站	34
59	专题资讯	34
60	黄石文化	34
61	青铜故里	34
62	黄石网视	34
63	工业文化	34
64	房产资讯	34
65	美容保养	34
66	汽车保险	34
67	驾校考试	34
68	优惠活动	34
69	吃喝玩乐	58
70	美食特产	58
71	黄石风情	58
73	十堰网站	34
74	专题资讯	34
75	十堰文化	34
76	鄂西文化	34
77	汽车之城	34
78	十堰网视	34
79	房产资讯	34
80	美容保养	34
81	汽车/保险	34
82	驾校考试	34
83	优惠活动	34
84	吃喝玩乐	73
85	美食特产	73
86	十堰风情	73
88	荆州网站	34
89	专题资讯	88
90	荆州文化	88
91	荆楚文化	88
92	三国文化	88
93	荆州网视	88
94	房产资讯	88
95	美容保养	88
96	汽车/保险	88
97	驾校考试	88
98	吃喝玩乐	88
100	荆州风情	88
102	宜昌网站	34
103	专题资讯	102
104	宜昌文化	102
105	水电之都	102
106	钢琴之城	102
107	宜昌网视	102
108	房产资讯	102
109	美容保养	102
110	汽车/保险	102
111	驾校考试	102
112	优惠活动	102
113	吃喝玩乐	102
114	美食特产	88
115	宜昌风情	102
117	襄阳网站	34
118	专题资讯	117
119	襄阳文化	117
120	汉水文化	117
121	襄阳网视	117
122	优惠活动	117
123	房产资讯	117
124	美容保养	117
125	汽车/保险	117
126	驾校考试	117
127	吃喝玩乐	117
128	美食特产	117
129	襄阳风情	117
132	最新楼盘	43
133	家居装修	43
134	租房售房	43
135	武汉文化	43
136	武汉房产	43
139	美在武汉	43
142	黄石文化	58
143	黄石汽车	58
145	最新楼盘	58
146	家居装修	58
147	租房售房	58
149	美在黄石	58
152	十堰文化	73
155	最新楼盘	73
156	家居装修	73
157	租房售房	73
159	美在十堰	73
162	荆州文化	88
163	荆州汽车	88
164	汽车资讯	88
165	荆州房产	88
166	最新楼盘	88
167	家居装修	88
168	租房售房	88
169	荆州旅游美食	88
170	美在荆州	88
172	宜昌文化	102
175	最新楼盘	102
176	家居装修	102
177	租房售房	102
178	宜昌旅游美食	102
179	美食特产	102
180	美在宜昌	102
183	襄阳文化	117
186	最新楼盘	117
187	家居装修	117
188	租房售房	117
190	美在襄阳	117
194	鄂州网站	34
195	荆门网站	34
196	黄冈网站	34
197	孝感网站	34
198	咸宁网站	34
199	随州网站	34
200	恩施网站	34
201	仙桃网站	34
202	潜江网站	34
203	天门网站	34
204	神农架林区	34
205	专题资讯	194
206	鄂州文化	194
207	鄂州汽车	194
208	鄂州房产	194
209	鄂州旅游美食	194
210	美在鄂州	194
211	鄂州文化	194
212	鄂州历史	194
213	鱼米之乡	194
214	鄂州网视	194
215	美容保养	194
216	驾校考试	194
217	汽车/保险	194
218	优惠活动	194
219	房产资讯	194
220	最新楼盘	194
221	居家装修	194
222	租房售房	194
223	吃喝玩乐	194
224	美食特产	194
225	鄂州风情	194
230	专题资讯	195
231	荆门文化	195
233	荆门房产	195
235	美在荆门	195
236	荆门文化	195
237	荆楚文化	195
238	文化传统	195
239	荆门网视	195
240	美容保养	195
241	驾校考试	195
242	汽车/保险	195
243	优惠活动	195
244	房产资讯	195
245	最新楼盘	195
246	家居装修	195
247	租房售房	195
248	吃喝玩乐	195
249	美食特产	195
250	荆门风情	195
255	专题资讯	196
256	黄冈文化	196
257	黄冈汽车	196
259	旅游美食	196
260	美在黄冈	196
261	黄冈文化	196
262	民间艺术	196
263	文化传统	196
264	黄冈网视	196
265	美容保养	196
266	驾校考试	196
267	汽车/保险	196
268	优惠活动	196
269	房产资讯	196
270	最新楼盘	196
271	家居装修	196
272	租房售房	196
273	吃喝玩乐	196
274	美食特产	196
275	黄冈风情	196
279	专题资讯	197
280	孝感文化	197
282	孝感房产	197
284	美在孝感	197
285	孝感文化	197
286	民间艺术	197
287	文化传统	197
288	孝感网视	197
289	美容保养	197
290	驾校考试	197
291	汽车/保险	197
292	优惠活动	197
293	房产资讯	197
294	最新楼盘	197
295	家居装修	197
296	租房售房	197
297	吃喝玩乐	197
298	美食特产	197
299	孝感风情	197
303	专题资讯	198
304	咸宁文化	198
305	咸宁汽车	198
308	美在咸宁	198
309	咸宁文化	198
310	民间艺术	198
311	文化传统	198
312	咸宁网视	198
313	美容保养	198
314	驾校考试	198
315	汽车/保险	198
316	优惠活动	198
317	房产资讯	198
318	最新楼盘	198
319	家居装修	198
320	租房售房	198
321	吃喝玩乐	198
322	美食特产	198
323	咸宁风情	198
327	专题资讯	199
328	随州文化	199
329	随州汽车	199
330	随州房产	199
331	旅游美食	199
332	美在随州	199
333	随州文化	199
334	民间艺术	199
335	文化传统	199
336	随州网视	199
337	美容保养	199
338	驾校考试	199
339	汽车/保险	199
340	优惠活动	199
341	房产资讯	199
342	最新楼盘	199
343	家居装修	199
344	租房售房	199
345	美食特产	199
346	吃喝玩乐	199
347	随州风情	199
351	专题资讯	200
352	恩施文化	200
356	美在恩施	200
357	恩施文化	200
358	民间艺术	200
359	文化传统	200
360	恩施网视	200
361	美容保养	200
362	驾校考试	200
363	汽车/保险	200
364	优惠活动	200
365	房产资讯	200
366	最新楼盘	200
367	家居装修	200
368	租房售房	200
369	吃喝玩乐	200
370	美食特产	200
371	恩施风情	200
375	专题资讯	201
376	仙桃文化	201
378	仙桃房产	201
380	美在仙桃	201
381	仙桃文化	201
382	民间艺术	201
383	文化传统	201
384	仙桃网视	201
385	美容保养	201
386	驾校考试	201
387	汽车/保险	201
388	优惠活动	201
389	房产资讯	201
390	最新楼盘	201
391	家居装修	201
392	租房售房	201
393	吃喝玩乐	201
394	美食特产	201
395	仙桃风情	201
399	专题资讯	202
400	潜江文化	202
401	潜江汽车	202
402	潜江房产	202
404	美在潜江	202
405	潜江文化	202
406	民间艺术	202
407	文化传统	202
408	潜江网视	202
409	美容保养	202
410	驾校考试	202
411	汽车/保险	202
412	优惠活动	202
413	房产资讯	202
414	最新楼盘	202
415	家居装修	202
416	租房售房	202
417	吃喝玩乐	202
418	美食特产	202
420	潜江风情	202
424	专题资讯	203
425	天门文化	203
426	天门汽车	203
428	旅游美食	203
429	美在天门	203
430	天门文化	203
431	民间艺术	203
432	文化传统	203
433	天门网视	203
434	美容保养	203
435	驾校考试	203
436	汽车/保险	203
437	优惠活动	203
438	房产资讯	203
439	最新楼盘	203
440	家居装修	203
441	租房售房	203
442	吃喝玩乐	203
443	美食特产	203
444	天门风情	203
472	租房售房	197
473	美食特产	197
475	湖北新闻奖	0
491	关于今日湖北	0
500	首页广告幻灯片	34
501	头条新闻	0
502	首页幻灯片	34
503	导航栏	34
504	武汉幻灯片	43
505	黄石幻灯片	58
506	十堰幻灯片	73
507	荆州幻灯片	88
508	宜昌幻灯片	102
509	襄阳幻灯片	117
510	仙桃幻灯片	201
511	天门幻灯片	203
512	恩施幻灯片	200
513	潜江幻灯片	202
514	随州幻灯片	199
515	咸宁幻灯片	198
516	孝感幻灯片	197
518	鄂州幻灯片	194
519	荆门幻灯片	195
520	黄冈幻灯片	196
525	健康咸宁	198
526	社会新闻	0
527	专题	0
535	社会新闻	58
536	社会新闻	194
537	社会新闻	195
538	社会新闻	196
540	社会新闻	73
541	社会新闻	88
542	社会新闻	102
543	社会新闻	117
544	社会新闻	201
545	社会新闻	203
546	社会新闻	200
547	社会新闻	202
548	社会新闻	199
549	社会新闻	198
550	社会新闻	197
553	汽车之城	73
563	商会天地	58
564	法治天地	58
571	企业资讯	0
574	企业信息	0
575	军事	0
576	非遗视点	0
577	文艺之音	0
578	杏坛网事	0
579	理财2	7
581	廉政	0
582	国内	0
583	专题	0
584	访谈	0
585	军事	0
586	中部之声	0
587	朱子文化苑	18
588	朱子文化动态	587
589	家庭文化博览	587
590	会员风采	0
591	会员风采	587
592	原创文学	587
593	动漫吧	587
594	合作交流	587
595	市场监管	0
596	重磅话题	595
597	监管聚焦	595
598	政策解读	595
599	专家点评	595
600	防疫专栏	595
601	监管先锋	595
602	品牌湖北	595
603	大检时代	595
604	乡村振兴	0
605	产品引领	604
606	品牌映像	604
607	生活图话	604
608	桃花源记	604
609	江湖灵秀	604
610	乡振头条	604
611	文旅频道	0
612	文旅活动	611
613	灵秀湖北	611
614	美丽乡村	611
615	产品秀场	611
616	楚天游记	611
617	乡村振兴	0
618	三农热点	617
619	三农新闻	617
620	新农业新农人	617
621	湖北地理标志农产品	617
622	乡村振兴在行动	617
623	三农专题	617
624	爱上湖北	617
625	武汉市	621
626	黄石市	621
627	襄阳市	621
628	十堰市	621
629	荆州市	621
630	宜昌市	621
631	荆门市	621
632	鄂州市	621
633	孝感市	621
634	黄冈市	621
635	咸宁市	621
636	随州市	621
637	恩施市	621
638	仙桃市	621
639	潜江市	621
640	天门市	621
641	神农架林区	621
